기술용역실적증명원,,,,,
용 역 명,,,,,
계약금액,,,,,
계약기간,,,,,
용역내용,,,,,
" 폐사에서는 귀사에서 발주한 기술용역에 대하여 상기와 같이 수행한 실적이 있음을 증명하여 주시기 바랍니다.
               
               2026년  00월     일

                                               상  호 :
                                               주  소 :
                                               대표자 :                 (인)",,,,,
" 위 사실을 증명함.

                                         2026년  00월     일

                                             상  호 :
                                             주  소 :
                                             대표자 :                (인)",,,,,
발  급  자,,소    속,,직    위,
,,성    명,,전화번호,
