사업명,, AI 기반 불공정거래 대응체계 마련,
항목별 검토 의견,,,
검토항목,,검토의견,추정 사업기간
① ," 기능점수(FP) 기반 SW사업* 적정 개발기간 산정표
  * 9개 개발사업(마이크로데이터, 기업데이터, DataLake, 인허가, 민원, 회계감리 보고자료수집관리, 제재공시, 불공정거래)"," ① 사업규모 = 총 877.8(기능고도화 등)
 ② 생산성 = 22*(FP/MM)
     * 사업규모 1,000FP 이상 ~ 2,0000FP 미만(과학기술정보통신부 고시)
 ③ 1인 총투입기간 = 877.8/22 = 약 39.9개월
 ④ 투입인력 = 9.6명*
   * 사업규모 1,000FP 미만 공공 및 민간 소프트웨어 개발사업 기준 : 9.6명 이상(출처 : 소프트웨어 개발사업의 적정 사업기간 산정 가이드)
 ⑤ 전체개발기간 = 39.9개월/9.6명 = 약 4.2개월","14.8개월
이내
"
," 투입공수 기반 SW사업* 적정 개발기간 산정표
  * 1개 개발사업(AI기반 불공정거래 대응체계)","  ① 공수 = 총 182.0MM
 ② 투입인력 : 24명* (1단계 11명, 2단계 13명)  
   * 투입인력의 기술등급에 따라 24~26명 예상
 ③ 전체개발기간* = 약 14.8개월**
   * 인공지능(AI) 도입 방식 중 ‘커스터마이징 기반 사업’은 작업 항목에 따른 견적가를 참고하여 투입공수 방식으로 산정(출처 : 소프트웨어 개발사업의 적정 사업기간 산정 가이드)
   ** 1단계: 61MM/11명= 5.5개월, 2단계: 121MM/13명=9.3개월",
"② 사업기초자료
(사업계획서, 예산신청서,
개발요청서)",," 사업규모, 사업범위, 요구사항, 예산편성 기간 등을 정성적으로 고려하여 산정한 결과 적정한 것으로 판단됨","15개월
이내"
③ 유사사업 자료,, 금융감독 디지털 혁신(DX) 중장기 사업     ­ AI기반 금융민원·분쟁 종합포탈 구축(약 16개월),16개월 이내
④ 기타 특이사항,,-,-
종합 의견,,,
⑤ 종합의견,," 기능점수･투입공수 기반 개발기간 산정, 사업기초자료, 유사사업 등을 종합적으로 고려하여 본 사업의 적정 사업기간을 15개월 이내로 산정함","적정
사업기간"
,,,15개월
"  ｢소프트웨어사업 계약 및 관리감독에 관한 지침｣ 제10조(적정 사업기간의 산정)에 따른 소프트웨어 개발사업의 적정 사업기간을 위와 같이 산정합니다.

2026년 5월 7일",,,
